<?xml version="1.0" encoding="utf-8"?>
<!DOCTYPE hibernate-mapping PUBLIC "-//Hibernate/Hibernate Mapping DTD 3.0//EN"
"http://hibernate.sourceforge.net/hibernate-mapping-3.0.dtd">
<!-- 
    Mapping file autogenerated by MyEclipse Persistence Tools
-->
<hibernate-mapping>
    <class name="net.yanhl.finance.pojo.FinanceGoodsDetail" table="finance_goods_detail" catalog="finance">
        <id name="id" type="java.lang.Long">
            <column name="id" />
            <generator class="increment" />
        </id>
        <many-to-one name="goodsDetail" class="net.yanhl.goods.pojo.GoodsDetail" fetch="select">
            <column name="goods_id" />
        </many-to-one>
        <property name="createDate" type="java.util.Date">
            <column name="create_date" length="0" />
        </property>
        <property name="creatorId" type="java.lang.Integer">
            <column name="creator_id" />
        </property>
        <property name="iouserId" type="java.lang.Integer">
            <column name="iouser_id" />
        </property>
        <property name="financeType" type="java.lang.Integer">
            <column name="finance_type" />
        </property>
        <property name="goodsNum" type="java.lang.Integer">
            <column name="goods_num" />
        </property>
        <property name="unitPrice" type="java.lang.Double">
            <column name="unit_price" precision="20" />
        </property>
        <property name="total" type="java.lang.Double">
            <column name="total" precision="20" />
        </property>
    </class>
</hibernate-mapping>
