<?xml version='1.0' encoding='UTF-8'?>
<!DOCTYPE hibernate-configuration PUBLIC
          "-//Hibernate/Hibernate Configuration DTD 3.0//EN"
          "http://hibernate.sourceforge.net/hibernate-configuration-3.0.dtd">

<!-- Generated by MyEclipse Hibernate Tools.                   -->
<hibernate-configuration>

<session-factory>
	<property name="connection.username">yhl</property>
	<property name="connection.password">yhl</property>
	<property name="connection.url">
		jdbc:mysql:///finance?useUnicode=true&amp;characterEncoding=utf8
	</property>
	<property name="dialect">
		org.hibernate.dialect.MySQLDialect
	</property>
	<property name="myeclipse.connection.profile">mysql_conf</property>
	<property name="connection.driver_class">
		com.mysql.jdbc.Driver
	</property>
	<property name="show_sql">true</property>
	<property name="format_sql">true</property>
	<mapping resource="net/yanhl/user/pojo/User.hbm.xml" />
	<mapping resource="net/yanhl/user/pojo/Contactinfo.hbm.xml" />
	<mapping resource="net/yanhl/iouser/pojo/Iouser.hbm.xml" />
	<mapping resource="net/yanhl/finance/pojo/FinanceMoneyDetail.hbm.xml"/>

</session-factory>

</hibernate-configuration>
