<?xml version="1.0" encoding="utf-8"?>
<!DOCTYPE hibernate-mapping PUBLIC "-//Hibernate/Hibernate Mapping DTD 3.0//EN"
"http://hibernate.sourceforge.net/hibernate-mapping-3.0.dtd">
<!-- 
    Mapping file autogenerated by MyEclipse Persistence Tools
-->
<hibernate-mapping>
    <class name="net.yanhl.talk.pojo.Talk" table="talk">
        <id name="id" type="java.lang.Long">
            <column name="id" />
            <generator class="increment" />
        </id>
        <many-to-one name="user" column="user_id"
			class="net.yanhl.user.pojo.User" lazy="false" cascade="none"
			unique="true" />
        <property name="message" type="java.lang.String">
            <column name="message" length="2000" />
        </property>
        <property name="msgDate" type="java.util.Date">
            <column name="msg_date" length="0" />
        </property>
    </class>
</hibernate-mapping>
