<?xml version="1.0" encoding="utf-8"?>
<!DOCTYPE hibernate-mapping PUBLIC "-//Hibernate/Hibernate Mapping DTD 3.0//EN"
"http://hibernate.sourceforge.net/hibernate-mapping-3.0.dtd">
<!-- 
    Mapping file autogenerated by MyEclipse Persistence Tools
-->
<hibernate-mapping default-lazy="false">
    <class name="net.yanhl.goods.pojo.GoodsType" table="goods_type">
        <id name="id" type="java.lang.Long">
            <column name="id" />
            <generator class="increment" />
        </id>
        <property name="creatorId" type="java.lang.Integer">
            <column name="creator_id"/>
        </property>
        <property name="createDate" type="java.sql.Date">
            <column name="create_date"/>
        </property>
        <property name="typeName" type="java.lang.String" unique="true">
        	<column name="type_name" length="100"></column>
        </property>
        <property name="parentId" type="java.lang.Long">
        	<column name="parent_id"></column>
        </property>
        <property name="remark" type="java.lang.String">
        	<column name="remark" length="2000"></column>
        </property>
        <set name="goodsDetails" table="goods_detail" inverse="true" cascade="all">
            <key>
                <column name="type_id" />
            </key>
            <one-to-many class="net.yanhl.goods.pojo.GoodsDetail" />
        </set>
    </class>
</hibernate-mapping>
