<?xml version="1.0" encoding="utf-8"?>
<!DOCTYPE hibernate-mapping PUBLIC "-//Hibernate/Hibernate Mapping DTD 3.0//EN"
"http://hibernate.sourceforge.net/hibernate-mapping-3.0.dtd">
<!-- 
	Mapping file autogenerated by MyEclipse Persistence Tools
-->
<hibernate-mapping default-lazy="false">
	<class name="net.yanhl.goods.pojo.GoodsDetail" table="goods_detail">
		<id name="id" type="java.lang.Long">
            <column name="id" />
            <generator class="increment" />
        </id>
        <property name="creatorId" type="java.lang.Integer">
            <column name="creator_id"/>
        </property>
        <property name="createDate" type="java.sql.Date">
            <column name="create_date"/>
        </property>
		<property name="goodsName" type="string">
			<column name="goods_name" length="100" />
		</property>
		<property name="goodsUnit" type="string">
			<column name="goods_unit" length="20" />
		</property>
		<property name="unitPrice" type="double">
			<column name="unit_price" precision="20" scale="0" />
		</property>
		<property name="remark" type="string">
			<column name="remark" length="500" />
		</property>
		<many-to-one name="goodsType" class="net.yanhl.goods.pojo.GoodsType"
			cascade="none">
			<column name="type_id" />
		</many-to-one>
	</class>
</hibernate-mapping>
