<?xml version="1.0"?>
<!DOCTYPE hibernate-mapping PUBLIC "-//Hibernate/Hibernate Mapping DTD 3.0//EN"
"http://hibernate.sourceforge.net/hibernate-mapping-3.0.dtd">
<!-- 
    Mapping file autogenerated by MyEclipse - Hibernate Tools
-->
<hibernate-mapping>
    <class name="net.yanhl.user.pojo.Contactinfo" table="contactinfo" >
        <id name="contactid" type="java.lang.Integer">
            <column name="contactid" />
            <generator class="increment" />
        </id>
        <many-to-one name="user" column="userid" cascade="all" not-null="true" unique="true"></many-to-one>
    </class>
</hibernate-mapping>
