<?xml version="1.0"?>
<!DOCTYPE hibernate-mapping PUBLIC "-//Hibernate/Hibernate Mapping DTD 3.0//EN"
"http://hibernate.sourceforge.net/hibernate-mapping-3.0.dtd">
<!-- 
    Mapping file autogenerated by MyEclipse - Hibernate Tools
-->
<hibernate-mapping>
    <class name="net.yanhl.user.pojo.User" table="user">
        <id name="userId" type="int">
            <column name="userid" />
            <generator class="increment" />
        </id>
        <property name="userName" type="java.lang.String">
            <column name="userName" not-null="true" />
        </property>
        <property name="loginName" type="java.lang.String">
            <column name="loginName" not-null="true" />
        </property>
        <property name="password" type="java.lang.String">
            <column name="password" length="8" not-null="true" />
        </property>
        <one-to-one name="contactinfo" lazy="false" property-ref="user" cascade="all"></one-to-one>
    </class>
</hibernate-mapping>
