<?xml version="1.0" encoding="utf-8"?>
<!DOCTYPE hibernate-mapping PUBLIC "-//Hibernate/Hibernate Mapping DTD 3.0//EN"
"http://hibernate.sourceforge.net/hibernate-mapping-3.0.dtd">
<hibernate-mapping>
	<class name="net.yanhl.iouser.pojo.GroupRelation"
		table="iouser_group_relation">
		<id name="id" type="java.lang.Long">
			<column name="id" />
			<generator class="increment" />
		</id>
		
		<property name="creatorId" type="java.lang.Integer">
			<column name="creator_id">
				<comment>创建人</comment>
			</column>
		</property>
		
		<property name="createDate" type="java.util.Date">
			<column name="create_date">
				<comment>创建日期</comment>
			</column>
		</property>

		<property name="groupName" type="java.lang.String">
			<column name="group_name" length="50">
				<comment>分组名称</comment>
			</column>
		</property>

		<property name="orderNum" type="java.lang.Integer">
			<column name="order_num" length="5">
				<comment>排序号</comment>
			</column>
		</property>

		<property name="remark" type="java.lang.String">
			<column name="remark" length="20">
				<comment>备注</comment>
			</column>
		</property>
		
		<many-to-one name="parentGroup" column="parent_id" lazy="false"
			class="net.yanhl.iouser.pojo.GroupRelation">
		</many-to-one>

		<set name="childGroups" inverse="true" lazy="false">
			<key column="parent_id"></key>
			<one-to-many class="net.yanhl.iouser.pojo.GroupRelation" />
		</set>
	</class>
</hibernate-mapping>
