<?xml version="1.0" encoding="utf-8"?>
<!DOCTYPE hibernate-mapping PUBLIC "-//Hibernate/Hibernate Mapping DTD 3.0//EN"
"http://hibernate.sourceforge.net/hibernate-mapping-3.0.dtd">
<!-- 
	Mapping file autogenerated by MyEclipse Persistence Tools
-->
<hibernate-mapping>
	<class name="net.yanhl.iouser.pojo.Iouser" table="iouser">
		<id name="id" type="java.lang.Long">
			<column name="id" />
			<generator class="increment" />
		</id>
		<property name="userName" type="java.lang.String">
			<column name="user_name" length="16" />
		</property>
		<property name="creatorId" type="java.lang.Integer">
			<column name="creator_id" />
		</property>
		<property name="sex" type="java.lang.String">
			<column name="sex" length="1" />
		</property>
		<property name="age" type="java.lang.Integer">
			<column name="age" />
		</property>
		<property name="companyName" type="java.lang.String">
			<column name="company_name" length="100" />
		</property>
		<property name="homeAddress" type="java.lang.String">
			<column name="home_address" length="200" />
		</property>
		<property name="companyAddress" type="java.lang.String">
			<column name="company_address" length="200" />
		</property>
		<property name="companyZip" type="java.lang.String">
			<column name="company_zip" length="6" />
		</property>
		<property name="homeZip" type="java.lang.String">
			<column name="home_zip" length="6" />
		</property>
		<property name="homePhone" type="java.lang.String">
			<column name="home_phone" length="50" />
		</property>
		<property name="companyPhone" type="java.lang.String">
			<column name="company_phone" length="50" />
		</property>
		<property name="mobilePhone" type="java.lang.String">
			<column name="mobile_phone" length="50" />
		</property>
		<property name="orderNum" type="java.lang.Integer">
			<column name="order_num" length="50" />
		</property>
		<property name="remark" type="java.lang.String">
			<column name="remark" length="2000" />
		</property>
		<many-to-one name="group" class="net.yanhl.iouser.pojo.GroupRelation" lazy="false" cascade="none">
			<column name="group_id" />
		</many-to-one>
	</class>
</hibernate-mapping>
